phs000001.v3.p1	Cataract
phs000007.v32.p13	Cardiovascular Diseases
phs000016.v2.p2	Attention Deficit Disorder with Hyperactivity
phs000017.v3.p1	Bipolar Disorder
phs000020.v2.p1	Depressive Disorder, Major
phs000021.v3.p2	Schizophrenia
phs000048.v1.p1	Parkinson Disease
phs000086.v3.p1	Insulin-Dependent Diabetes Mellitus
phs000089.v3.p2	Parkinson Disease
phs000090.v1.p1	Cardiovascular Diseases
phs000091.v2.p1	Diabetes Mellitus, Type 2
phs000092.v1.p1	Alcoholism
phs000093.v2.p2	Lung Neoplasms
phs000094.v1.p1	Cleft Palate
phs000095.v4.p2	Dental Caries
phs000096.v4.p1	Pregnancy Complications
phs000101.v5.p1	Amyotrophic Lateral Sclerosis
phs000102.v1.p1	Cerebrovascular Disorders
phs000126.v2.p1	Parkinson Disease
phs000127.v2.p1	Amyotrophic Lateral Sclerosis
phs000128.v3.p3	Coronary Disease
phs000138.v2.p1	Osteoporosis
phs000140.v1.p1	Diabetes Mellitus, Type 2
phs000142.v1.p1	Eye Diseases
phs000144.v1.p1	Neoplasms
phs000147.v3.p1	Breast Neoplasms
phs000166.v2.p1	Asthma
phs000167.v1.p1	Schizophrenia
phs000168.v2.p2	Alzheimer Disease
phs000170.v2.p1	Cataract
phs000180.v3.p2	Diabetes Mellitus, Type 1
phs000181.v1.p1	Alcohol-Related Disorders
phs000185.v7.p1	Prospective
phs000187.v1.p1	Melanoma
phs000188.v1.p1	Heart Conduction System
phs000196.v3.p1	Parkinson Disease
phs000199.v1.p1	Normalcy
phs000200.v9.p3	Women&#39;s Health
phs000202.v1.p1	Lupus Erythematosus, Systemic
phs000203.v1.p1	Peripheral Vascular Diseases
phs000206.v5.p3	Pancreatic Neoplasms
phs000207.v1.p1	Prostatic Neoplasms
phs000209.v13.p3	Cardiovascular Diseases
phs000211.v1.p1	Normalcy
phs000219.v1.p1	Alzheimer Disease
phs000223.v1.p1	Cardiovascular Diseases
phs000224.v3.p2	Vitiligo
phs000238.v1.p1	Glaucoma
phs000239.v2.p1	Multiple Sclerosis
phs000240.v1.p1	Glaucoma, Open-Angle
phs000244.v1.p1	Genee-Wiedemann Syndrome
phs000245.v1.p1	Breast Neoplasms
phs000249.v2.p1	DNA Methylation
phs000250.v1.p1	Pancreatic Neoplasms
phs000251.v2.p2	Psoriasis
phs000254.v2.p1	Cystic Fibrosis
phs000256.v4.p3	Microbiomes, Human
phs000258.v2.p1	Obesity
phs000260.v4.p2	Esophageal Adenocarcinoma
phs000262.v3.p2	Pouchitis
phs000263.v1.p1	Acne Vulgaris
phs000266.v4.p1	Dermatitis, Atopic
phs000267.v5.p2	Autistic Disorder
phs000268.v1.p1	Cell Line
phs000269.v1.p1	Chromosome Disorders
phs000272.v1.p1	Behcet Syndrome
phs000273.v1.p1	Normalcy
phs000275.v1.p1	Multiple Sclerosis
phs000276.v2.p1	Metabolic Syndrome X
phs000279.v2.p1	Myocardial Infarction
phs000280.v7.p1	Cardiovascular Diseases
phs000284.v2.p1	Sleep Apnea Syndromes
phs000285.v3.p2	Cardiovascular Diseases
phs000286.v6.p2	Cardiovascular Diseases
phs000288.v2.p2	Congenital Abnormalities
phs000289.v2.p1	Venous Thrombosis
phs000290.v1.p1	Hypertension, Pulmonary
phs000291.v2.p1	Pulmonary Disease, Chronic Obstructive
phs000293.v1.p1	Intracranial Aneurysm
phs000294.v1.p1	Myocardial Infarction
phs000298.v4.p3	Autistic Disorder
phs000302.v1.p1	Diabetic Nephropathies
phs000303.v1.p1	Population Control
phs000304.v3.p1	von Willebrand Disease
phs000306.v4.p1	Prostatic Neoplasms
phs000308.v1.p1	Glaucoma, Open-Angle
phs000310.v1.p1	Prostatic Neoplasms
phs000311.v1.p1	Prostatic Neoplasms
phs000313.v4.p2	Cardiovascular Diseases
phs000327.v1.p1	Stroke
phs000330.v1.p1	Prostatic Neoplasms
phs000332.v3.p2	Infant, Premature
phs000335.v3.p2	COPD
phs000337.v1.p1	Intellectual Disability
phs000339.v2.p1	Mitochondrial Diseases
phs000340.v3.p1	Leukemia, T-cell
phs000341.v2.p1	Precursor Cell Lymphoblastic Leukemia-Lymphoma
phs000343.v3.p1	Stroke
phs000344.v1.p1	Amyotrophic Lateral Sclerosis
phs000345.v1.p1	Colitis, Ulcerative
phs000347.v1.p1	Aortic Diseases
phs000348.v2.p1	Multiple Myeloma
phs000351.v1.p1	Carcinoma, Renal Cell
phs000352.v1.p1	Retinoblastoma
phs000353.v1.p1	Premature Birth
phs000354.v1.p1	Hypertension, Pulmonary
phs000357.v2.p1	Systemic Sclerosis
phs000362.v1.p1	Atrial Fibrillation
phs000364.v2.p1	Chronic Lymphocytic Leukemia
phs000365.v1.p1	Immune System Diseases
phs000367.v1.p1	Crohn Disease
phs000368.v1.p1	Polycystic Ovary Syndrome
phs000369.v1.p1	Carcinoma, Ductal, Breast
phs000370.v2.p1	Head and Neck Neoplasms
phs000371.v2.p1	Huntington Disease
phs000372.v1.p1	Alzheimer Disease
phs000373.v1.p1	Osteoporosis
phs000374.v1.p1	Colonic Neoplasms
phs000376.v1.p1	Parkinson Disease
phs000378.v1.p1	Alzheimer Disease
phs000380.v1.p1	Obesity
phs000381.v1.p1	Normalcy
phs000383.v1.p1	Breast Neoplasms
phs000384.v1.p1	Hepatocellular Carcinomas
phs000385.v1.p1	Colorectal Neoplasms
phs000387.v1.p1	Abdominal Aortic Aneurysms
phs000390.v1.p1	Osteoporosis
phs000391.v1.p1	Platelets
phs000394.v1.p1	Parkinson Disease
phs000397.v3.p3	Longevity
phs000398.v1.p1	Cardiovascular Diseases
phs000400.v1.p1	Cardiovascular Diseases
phs000404.v1.p1	Smoking Cessation
phs000405.v1.p1	Malignant Hyperthermia
phs000408.v1.p1	Obesity
phs000409.v1.p1	Medulloblastoma
phs000413.v2.p1	Acute Megakaryoblastic Leukemia
phs000418.v2.p1	Carcinoma, Squamous Cell
phs000419.v1.p1	Melanoma
phs000421.v1.p1	Fuchs&#39; Endothelial Dystrophy
phs000422.v1.p1	Asthma
phs000424.v8.p2	Reference Values
phs000428.v2.p2	Aging
phs000434.v1.p1	Werner Syndrome
phs000435.v3.p1	Chronic Lymphocytic Leukemia
phs000438.v1.p1	Angioedema
phs000440.v1.p1	Dental Caries
phs000442.v1.p1	Hypertension
phs000443.v1.p1	Prostatic Neoplasms
phs000445.v1.p1	HIV
phs000447.v1.p1	Prostatic Neoplasms
phs000449.v2.p1	Population Control
phs000450.v4.p1	Hodgkin Disease
phs000452.v3.p1	Melanoma
phs000454.v1.p1	HIV
phs000456.v1.p1	Stroke
phs000460.v1.p1	Nephrolithiasis
phs000474.v3.p2	Anemia, Dyserythropoietic, Congenital
phs000475.v1.p1	Hypogonadism 
phs000476.v1.p1	Pseudohypoparathyroidism
phs000477.v1.p1	Hypophosphatemia, Familial
phs000478.v1.p1	Strabismus
phs000479.v1.p1	Severe Combined Immunodeficiency
phs000480.v1.p1	Breast Neoplasms
phs000481.v3.p2	Hypercholesterolemia
phs000482.v1.p1	Autistic Disorder
phs000484.v1.p1	Glomerulosclerosis, Focal Segmental 
phs000485.v1.p1	Congenital diaphragmatic hernia
phs000486.v1.p1	Depressive Disorder, Major
phs000488.v2.p1	Carcinoma, Non-Small-Cell Lung
phs000490.v1.p1	Non-Neoplastic Pediatric Disorder
phs000492.v3.p2	Microcephaly
phs000494.v1.p1	Child Health
phs000497.v3.p2	Disease, Hirschsprung
phs000500.v1.p1	Prenatal Care
phs000504.v2.p2	Medulloblastoma
phs000507.v2.p2	Neutropenia
phs000508.v2.p1	Rhabdoid Tumor
phs000510.v1.p1	Osteoporosis
phs000511.v1.p1	Hypertriglyceridemia
phs000512.v1.p1	Lipoproteins, HDL
phs000516.v2.p1	Carcinoma, Pancreatic Ductal
phs000517.v3.p1	Breast Neoplasms
phs000518.v1.p1	Bronchiectasis
phs000519.v1.p1	Melanoma
phs000521.v2.p1	Ataxia
phs000523.v1.p1	Maternal Nutritional Physiological Phenomena
phs000524.v1.p1	Chronic Renal Insufficiency
phs000536.v2.p1	Colonic Neoplasms
phs000537.v1.p1	Lymphohistiocytosis, Hemophagocytic
phs000538.v1.p1	Hyperlipidemia, Familial Combined
phs000539.v1.p1	Hyperinsulinism, Congenital
phs000540.v1.p1	Ehlers-Danlos Syndrome
phs000541.v1.p1	Hypertrophy
phs000542.v1.p1	Pancreatic beta cell agenesis with neonatal diabetes mellitus
phs000543.v1.p1	Pleuropulmonary blastoma [Supplementary Concept]
phs000545.v1.p1	Multiple Myeloma
phs000546.v1.p1	Stroke
phs000547.v1.p1	Breast Neoplasms
phs000549.v1.p1	Leukemia, Myeloid, Acute
phs000550.v1.p1	Pancreatic Neoplasms
phs000551.v1.p1	Cardiovascular Diseases
phs000552.v2.p1	Meningioma
phs000553.v1.p1	Mendelian
phs000554.v1.p1	Prostatic Neoplasms
phs000558.v1.p1	Glaucoma
phs000559.v1.p1	Neoplasms
phs000561.v1.p1	Hypobetalipoproteinemias
phs000562.v1.p1	Burkitt Lymphoma
phs000563.v1.p1	Pilocytic Astrocytoma
phs000564.v2.p1	Congenital, Hereditary, and Neonatal Diseases and Abnormalities
phs000565.v1.p1	Congenital Abnormalities
phs000567.v1.p1	Solitary Fibrous Tumors
phs000568.v1.p1	Sarcoma
phs000571.v3.p2	Heart Defects, Congenital
phs000573.v1.p1	Lymphoma, Large B-Cell, Diffuse
phs000574.v1.p1	Rett Syndrome
phs000575.v2.p1	Prader-Willi Syndrome
phs000576.v1.p1	Angelman Syndrome
phs000577.v1.p1	Urea Cycle Disorders, Inborn
phs000578.v1.p1	Nondystrophic myotonia
phs000579.v1.p1	Intestinal Neoplasms
phs000581.v1.p1	Cardiomyopathy, Dilated
phs000582.v1.p1	Idiopathic Pulmonary Fibrosis
phs000584.v1.p1	Longevity
phs000587.v1.p1	Hyperlipoproteinemia Type II
phs000588.v1.p1	Giant Cell Arteritis
phs000589.v1.p1	Takayasu Arteritis
phs000590.v1.p1	Polyarteritis Nodosa
phs000592.v1.p1	Anemia, Aplastic
phs000594.v1.p1	Leukemia, Large Granular Lymphocytic
phs000595.v1.p1	Primary ciliary dyskinesia
phs000596.v1.p1	Primary ciliary dyskinesia
phs000597.v1.p1	Prostatic Neoplasms
phs000598.v2.p2	Esophageal Neoplasms
phs000600.v1.p1	Uterine Cervical Neoplasms
phs000601.v1.p1	Breast Neoplasms
phs000603.v1.p1	Apparent mineralocorticoid excess
phs000605.v1.p1	Lymphangioleiomyomatosis
phs000606.v1.p1	Cardiovascular Diseases
phs000607.v3.p2	Mental Processes
phs000614.v1.p1	Astrocytoma
phs000615.v1.p1	Cerebral infarction
phs000616.v2.p2	Obesity
phs000618.v1.p1	Hypertriglyceridemia
phs000619.v1.p1	Autistic Disorder
phs000620.v1.p1	Substance-Related Disorders
phs000621.v1.p1	Leukemia, Lymphoid
phs000622.v1.p1	Congenital, Hereditary, and Neonatal Diseases and Abnormalities
phs000623.v1.p1	Developmental Disabilities
phs000624.v1.p1	Pulmonary Disease, Chronic Obstructive
phs000626.v1.p1	Immune System Processes
phs000627.v1.p1	Carcinoma, Hepatocellular
phs000628.v1.p1	Uterine Cervical Neoplasms
phs000630.v1.p1	Normalcy
phs000631.v1.p1	Respiration Disorders
phs000632.v1.p1	Hemic and Lymphatic Diseases
phs000633.v1.p1	Pneumonia
phs000634.v1.p1	Lung Neoplasms
phs000636.v1.p1	Intracranial Aneurysm
phs000637.v1.p1	Precursor B-Cell Lymphoblastic Leukemia-Lymphoma
phs000638.v1.p1	Precursor Cell Lymphoblastic Leukemia-Lymphoma
phs000639.v1.p1	Autism Spectrum Disorder
phs000640.v9.p1	Uterine Cervical Neoplasms
phs000641.v1.p1	Immunological Deficiency Syndrome
phs000644.v1.p1	Menstrual Cycle
phs000645.v5.p1	Dubowitz Syndrome
phs000646.v1.p1	Chromosome Breakpoints
phs000647.v1.p1	Cell Hypoxia
phs000648.v1.p1	Pancreatic Neoplasms
phs000649.v2.p2	Hypertension
phs000652.v1.p1	Glioma
phs000656.v1.p1	Influenza Vaccines
phs000657.v1.p1	Carcinoma
phs000658.v1.p1	Depressive Disorder, Major
phs000659.v1.p1	Inflammatory Bowel Diseases
phs000662.v1.p1	Population Groups
phs000663.v3.p3	Drug-Induced Liver Injury
phs000664.v1.p1	Population Groups
phs000666.v1.p1	Influenza Vaccines
phs000669.v1.p1	Breast Neoplasms
phs000670.v1.p1	Depressive Disorder, Major
phs000671.v1.p1	Leukemia, Hairy Cell
phs000673.v4.p1	Neoplasms
phs000674.v1.p1	Aging
phs000676.v2.p2	Breast Neoplasms
phs000677.v1.p1	Neoplasms
phs000678.v1.p1	Breast Neoplasms
phs000679.v1.p1	Anorexia Nervosa
phs000681.v2.p1	Diabetes Mellitus, Type 2
phs000682.v1.p1	Psychiatry and Psychology Category
phs000689.v1.p1	Lymphoma, T-Cell, Peripheral
phs000690.v1.p1	Idiopathic generalized epilepsy
phs000691.v2.p1	Anemia, Sickle Cell
phs000694.v3.p2	Neoplasms
phs000697.v1.p1	Myelodysplastic Syndromes
phs000698.v1.p1	alpha 1-Antitrypsin Deficiency
phs000699.v1.p1	Osteosarcoma
phs000700.v2.p1	Nervous System Diseases
phs000701.v1.p1	Angelman Syndrome
phs000703.v1.p1	Coronary Disease
phs000706.v1.p1	Ureteral Neoplasms
phs000707.v2.p1	Nervous System Diseases
phs000708.v1.p1	Thromboembolism
phs000709.v1.p1	Fibrolamellar hepatocellular carcinoma
phs000710.v1.p1	Test study for cloud access
phs000712.v1.p1	Autistic Disorder
phs000713.v1.p1	Anxiety
phs000714.v1.p1	Premature Birth
phs000716.v1.p1	Lung Neoplasms
phs000718.v1.p1	Nondisjunction, Genetic
phs000719.v1.p1	Mycobacterium avium-intracellulare Infection
phs000720.v4.p1	Rhabdomyosarcoma
phs000722.v2.p2	Colorectal Neoplasms
phs000723.v1.p1	Uterine Cervical Neoplasms
phs000725.v2.p1	Neoplasms
phs000726.v1.p1	Myasthenia gravis
phs000727.v1.p1	Alzheimer Disease
phs000729.v1.p1	Lymphoma, Follicular
phs000730.v1.p1	Neoplasms
phs000732.v1.p1	Molecular Structure
phs000733.v1.p1	Prostate cancer, familial
phs000734.v1.p1	Osteosarcoma
phs000735.v1.p1	Bacterial Infections
phs000737.v1.p1	Metabolic Syndrome X
phs000739.v1.p1	Ameloblastoma
phs000740.v1.p1	Waldenstrom Macroglobulinemia
phs000741.v2.p1	Metabolomics
phs000742.v1.p1	Epilepsy
phs000743.v1.p1	Metabolic Syndrome X
phs000745.v1.p1	Alzheimer Disease
phs000747.v2.p1	Amyotrophic Lateral Sclerosis
phs000748.v7.p4	Multiple Myeloma
phs000750.v1.p1	Population Groups
phs000753.v1.p1	Lung Neoplasms
phs000757.v1.p1	Ataxia
phs000758.v1.p1	Heart Septal Defects
phs000759.v1.p1	Leukemia, Myeloid, Acute
phs000760.v1.p1	Influenza Vaccines
phs000761.v1.p1	Temporomandibular Joint Disorders
phs000763.v1.p1	Alcoholism
phs000766.v1.p1	Psoriasis
phs000767.v1.p1	Chronic Lymphocytic Leukemia
phs000768.v2.p1	Sarcoma, Ewing
phs000770.v1.p1	Breast Neoplasms
phs000771.v2.p1	Urinary Bladder Neoplasms
phs000772.v1.p1	Prostatic Neoplasms
phs000774.v2.p1	Cleft Lip
phs000775.v1.p1	Schizophrenia
phs000776.v1.p1	Urea Cycle Disorders, Inborn
phs000777.v1.p1	Glomerulosclerosis, Focal Segmental
phs000778.v1.p1	Vesico-Ureteral Reflux
phs000779.v1.p1	Colorectal Neoplasms
phs000782.v1.p1	Carcinoma, Hepatocellular
phs000783.v2.p1	Hernias, Diaphragmatic, Congenital
phs000784.v3.p1	Arterial Pressure, Mean
phs000785.v1.p1	Carcinoma, Squamous Cell
phs000787.v1.p1	Aging
phs000788.v2.p3	Aging
phs000790.v1.p1	Colorectal Neoplasms
phs000791.v2.p1	Neoplasms
phs000792.v1.p1	Neurilemmoma
phs000794.v1.p1	Chronic Lymphocytic Leukemia
phs000795.v1.p1	Stomach Neoplasms
phs000796.v1.p1	Temporomandibular Joint Disorders
phs000797.v1.p1	Autoimmune enteropathy
phs000798.v1.p1	Genetic Testing
phs000799.v1.p1	Breast Neoplasms
phs000801.v2.p1	Lymphoma, Non-Hodgkin
phs000803.v2.p1	Colonic Neoplasms
phs000807.v1.p1	Breast Neoplasms
phs000809.v1.p1	Congenital Disorders of Glycosylation
phs000811.v1.p1	Neoplasms
phs000812.v1.p1	Prostatic Neoplasms
phs000813.v1.p1	Tobacco Use Disorder
phs000814.v1.p1	Coronary Artery Disease
phs000816.v2.p1	X Chromosome Inactivation
phs000817.v1.p1	Varicella Vaccine
phs000820.v1.p1	Atrial Fibrillation
phs000821.v1.p1	Mortality
phs000822.v1.p1	Breast Neoplasms
phs000823.v1.p1	Melanoma
phs000824.v1.p1	Colorectal Neoplasms
phs000825.v1.p1	Growth and Development
phs000826.v1.p1	Breast Neoplasms
phs000827.v3.p1	Genetic Diseases, Inborn
phs000828.v1.p1	Fibrolamellar hepatocellular carcinoma
phs000830.v1.p1	Xeroderma Pigmentosum, Complementation Group C
phs000832.v1.p1	Dextroamphetamine
phs000833.v7.p1	N/A
phs000837.v1.p1	Tetralogy of Fallot
phs000838.v1.p1	Prostatic Neoplasms
phs000839.v1.p1	Taste Perception
phs000840.v1.p1	Type 2 Diabetes Mellitus
phs000841.v1.p1	Endometrial Carcinomas
phs000842.v2.p1	Kidney Diseases
phs000846.v1.p1	DNA Methylation
phs000847.v2.p1	Diabetes Mellitus, Type 2
phs000848.v1.p1	Immunologic Deficiency Syndromes
phs000851.v1.p1	Breast Neoplasms
phs000852.v1.p1	Substance-Related Disorders
phs000855.v1.p1	Carcinoma
phs000856.v1.p1	WHIM syndrome
phs000857.v1.p1	Breast Neoplasms
phs000858.v1.p1	Fertilization in Vitro
phs000862.v1.p1	Mucopolysaccharidosis I
phs000863.v1.p1	Carcinoma, Renal Cell
phs000864.v1.p1	Stress Disorders, Post-Traumatic
phs000866.v1.p1	Bipolar Disorder
phs000867.v1.p1	Diabetes Mellitus, Type 2
phs000868.v1.p1	Neuroblastoma
phs000869.v1.p1	Esophageal Neoplasms
phs000871.v1.p1	Carcinoma, Neuroendocrine
phs000872.v1.p1	Autistic Disorder
phs000873.v1.p1	Thrombocytopenia
phs000874.v1.p1	Intracerebral Hemorrhage
phs000876.v2.p1	Lung Neoplasms
phs000879.v1.p1	Leukemia, Lymphocytic, Chronic, B-Cell
phs000882.v1.p1	Prostatic Neoplasms
phs000883.v1.p1	Coronary Artery Disease
phs000885.v1.p1	Carcinoma, Hepatocellular
phs000886.v1.p1	Asthma
phs000893.v1.p1	Carcinoma, Endometrioid
phs000894.v1.p1	Acute Kidney Injury
phs000896.v1.p1	Human Microbiome
phs000897.v1.p1	Cystadenocarcinoma, Serous
phs000898.v1.p1	Colorectal Neoplasms
phs000900.v1.p1	Glioma
phs000901.v1.p1	Parkinson Disease
phs000902.v1.p1	Coronary Artery Disease
phs000903.v1.p1	Obsessive-Compulsive Disorder
phs000904.v1.p1	Familial Adenomatous Polyposis
phs000907.v1.p1	Squamous Cell Carcinoma
phs000909.v1.p1	Adenocarcinoma
phs000910.v1.p1	Diabetes Mellitus, Type 1
phs000911.v1.p1	Diabetes Mellitus, Type 1
phs000912.v1.p1	Breast Neoplasms
phs000914.v1.p1	Obesity
phs000915.v2.p2	Prostatic Neoplasms
phs000916.v1.p1	Coronary Artery Disease
phs000917.v1.p1	Coronary Artery Disease
phs000920.v5.p3	Lung Diseases
phs000922.v2.p1	Leukemia, Lymphocytic, Chronic, B-Cell
phs000923.v1.p1	Male Germ Cell Tumor
phs000924.v4.p1	Heart Diseases
phs000925.v1.p1	Cardiovascular Diseases
phs000926.v1.p1	Crohn Disease
phs000928.v1.p1	Volunteers, Human
phs000929.v1.p1	Breast Neoplasms
phs000932.v1.p1	Melanoma
phs000933.v2.p1	Melanoma
phs000934.v1.p1	Common Variable Immunodeficiency
phs000935.v1.p1	Genetic Testing
phs000939.v2.p1	Lymphoma, B-Cell
phs000941.v1.p1	Melanoma
phs000942.v1.p1	Neoplasms
phs000944.v1.p1	Hypercholesterolemia
phs000946.v5.p1	Chronic Obstructive Pulmonary Disease
phs000947.v1.p1	Systemic Lupus Erythematosus
phs000948.v1.p1	NA
phs000949.v1.p1	Anthropometry
phs000950.v1.p1	Neoplasms
phs000952.v1.p1	Substance-Related Disorders
phs000953.v1.p1	Pancreatic Neoplasms
phs000954.v4.p2	Sleep Apnea Syndromes
phs000955.v1.p1	Osteoarthritis
phs000956.v5.p1	Cardiovascular Diseases
phs000957.v1.p1	Aortic Aneurysm, Abdominal
phs000958.v1.p1	Cardiomyopathies
phs000959.v1.p1	Schizophrenia
phs000960.v2.p1	Biliary Atresia
phs000962.v1.p1	Cerebral Cortex
phs000963.v1.p1	Myocardial Revascularization
phs000966.v2.p2	Essential Tremor
phs000967.v1.p1	Endometrial Neoplasms
phs000968.v2.p1	Cardiovascular Disease
phs000969.v1.p1	Bilateral deafness
phs000970.v1.p1	Methylmercury Compounds
phs000971.v3.p1	Atherosclerosis
phs000972.v5.p1	Obesity
phs000973.v1.p1	Leukemia, Myelomonocytic, Juvenile
phs000974.v4.p3	Cardiovascular Diseases
phs000975.v1.p1	Mammographic density
phs000976.v2.p1	Alcoholism
phs000977.v1.p1	Melanoma
phs000978.v1.p1	Granular Cell Tumor
phs000979.v3.p2	Schizophrenia
phs000980.v1.p1	Carcinoma, Non-Small-Cell Lung
phs000982.v1.p1	Arthritis, Psoriatic
phs000984.v1.p1	Diabetes Mellitus, Type 2
phs000988.v5.p1	Asthma
phs000989.v4.p1	Stem cells, neural
phs000991.v1.p1	Dose-Response Relationship, Drug
phs000993.v5.p2	Cardiovascular Disease
phs000994.v1.p1	Sezary Syndrome
phs000997.v5.p2	Atrial Fibrillation
phs000998.v2.p1	Pulmonary Arterial Hypertension
phs000999.v3.p1	Colorectal Neoplasms
phs001000.v1.p1	Myocardial Infarction
phs001001.v1.p1	Atrial Fibrillation
phs001002.v1.p1	Prostatic Neoplasms
phs001003.v2.p1	Melanoma
phs001006.v1.p1	Carcinoma, Lobular
phs001007.v1.p1	Carcinoma, squamous cell of head and neck
phs001008.v1.p1	Insulin Resistance
phs001009.v1.p1	Asthma
phs001011.v2.p1	NA
phs001012.v1.p1	Cardiovascular Diseases
phs001013.v3.p2	Cardiovascular Disease
phs001014.v1.p1	Insulin Resistance
phs001015.v1.p1	Fatigue Syndrome, Chronic
phs001016.v1.p1	Neuroglia
phs001021.v1.p1	Wellness Center
phs001022.v1.p1	Autistic Disorder
phs001023.v1.p1	Azoospermia
phs001024.v5.p1	Atrial Fibrillation
phs001026.v1.p1	Genes, Neoplasm
phs001027.v4.p1	Acute Myeloid Leukemia
phs001028.v1.p1	Breast Neoplasms
phs001030.v1.p1	Influenza, Human
phs001032.v6.p2	Atrial Fibrillation
phs001033.v1.p1	Population
phs001034.v1.p1	Ovarian Neoplasms
phs001036.v1.p1	Melanoma
phs001037.v1.p1	Diabetes Mellitus, Type 1
phs001038.v1.p1	Melanoma
phs001040.v5.p1	Atrial Fibrillation
phs001041.v1.p1	Melanoma
phs001043.v1.p1	Neoplasm
phs001044.v1.p1	Breast Neoplasms
phs001045.v1.p1	Colorectal Neoplasms
phs001046.v1.p1	Macular Degeneration
phs001048.v2.p1	Diabetes Mellitus, Type 2
phs001049.v1.p1	Small Cell Lung Carcinoma
phs001050.v1.p1	Breast Neoplasms
phs001052.v2.p1	Neoplasms
phs001053.v1.p1	Glaucoma
phs001055.v1.p1	Preterm Birth
phs001057.v1.p1	Smallpox Vaccine
phs001058.v1.p1	Myocardial Infarction
phs001063.v1.p1	Breast Neoplasms
phs001064.v1.p1	Carcinoma, Signet Ring Cell
phs001065.v1.p1	Huntington Disease
phs001066.v1.p1	Neoplasms
phs001067.v1.p1	Encephalitis
phs001071.v1.p1	Huntington Disease
phs001072.v1.p1	Leukemia, Lymphoid
phs001073.v2.p1	Stunting
phs001074.v1.p1	Platelet Aggregation
phs001076.v1.p1	Inflammatory Bowel Diseases
phs001079.v2.p1	Glioblastoma
phs001080.v1.p1	Spastic Paraplegia, Hereditary
phs001082.v1.p1	Herpes Zoster
phs001083.v1.p1	Small Cell Lung Carcinoma
phs001084.v1.p1	Colorectal Neoplasms
phs001087.v3.p1	Carcinoma, Transitional Cell
phs001088.v1.p1	Breast Neoplasms
phs001090.v1.p1	Cleft Lip
phs001091.v1.p1	Leukemia, Lymphocytic, Chronic, B-Cell
phs001095.v1.p1	Diabetes Mellitus, Type 2
phs001097.v1.p1	Diabetes Mellitus, Type 2
phs001105.v1.p1	Prostatic Neoplasms
phs001107.v1.p1	von Hippel-Lindau Disease
phs001108.v1.p1	Urea Cycle Disorders, Inborn
phs001110.v3.p1	Hernias, Diaphragmatic, Congenital
phs001112.v1.p1	Neoplasm
phs001115.v1.p1	Melanoma, Cutaneous Malignant
phs001120.v2.p2	Prostatic Neoplasms
phs001121.v1.p1	Sarcoma
phs001122.v1.p1	Brain
phs001123.v2.p1	Asthma
phs001124.v1.p1	Drug Hypersensitivity Syndrome
phs001130.v1.p1	Diabetes Mellitus, Type 2
phs001133.v1.p1	Ovarian Neoplasms
phs001134.v1.p1	Thyroid Cancer, Papillary
phs001135.v2.p1	Opioid-Related Disorders
phs001139.v1.p1	Insulin Resistance
phs001141.v1.p1	Prostatic Neoplasms, Castration-Resistant
phs001146.v1.p1	Fertility
phs001152.v1.p1	Endometrial Neoplasms
phs001153.v1.p1	Endometrial Neoplasms
phs001154.v1.p1	Developmental Disabilities
phs001156.v2.p1	Asthma
phs001159.v1.p1	Adenocarcinoma of lung
phs001164.v1.p1	Autism Spectrum Disorder
phs001165.v1.p1	Pediatrics
phs001169.v2.p1	Adenocarcinoma of lung
phs001173.v1.p1	Carcinoma, squamous cell of head and neck
phs001174.v1.p1	Infertility, Female
phs001175.v2.p2	Breast
phs001176.v3.p1	Gene-Environment Interaction
phs001177.v2.p1	Melanoma, Cutaneous Malignant
phs001178.v1.p1	Disorders of Sex Development
phs001179.v1.p1	Neoplasms
phs001180.v2.p1	Lung Diseases
phs001181.v1.p1	Leukemia, Lymphocytic, Chronic, B-Cell
phs001182.v2.p1	Clonal Evolution
phs001185.v1.p1	Prostatic Neoplasms
phs001187.v1.p1	Aging
phs001188.v2.p1	Diabetes Mellitus, Type 2
phs001189.v4.p1	Atrial Fibrillation
phs001191.v1.p1	Healthy Volunteers
phs001192.v1.p1	Lung Neoplasms
phs001194.v3.p2	Heart Defects, Congenital
phs001196.v1.p1	Schizophrenia
phs001198.v1.p1	Substance-Related Disorders
phs001199.v1.p1	Carcinoma, Hepatocellular
phs001200.v1.p1	West Nile Fever
phs001201.v2.p1	Respiratory Syncytial Virus Infections
phs001202.v1.p1	Head and Neck Neoplasms
phs001203.v1.p1	Coronary Artery Disease
phs001205.v1.p1	Neural Stem Cells
phs001206.v1.p1	Blepharospasm
phs001208.v2.p1	Alcoholism
phs001209.v1.p1	Malaria
phs001212.v1.p1	Anemia, Sickle Cell
phs001214.v1.p1	Esophageal Neoplasms
phs001216.v1.p1	Asthma
phs001217.v3.p1	Arterial Pressure, Mean
phs001218.v3.p1	Platelet Aggregation
phs001219.v1.p1	Leukemia, Lymphocytic, Chronic, B-Cell
phs001221.v1.p1	Prostatic Neoplasms
phs001223.v1.p1	Prostatic Neoplasms
phs001224.v1.p1	Computational Biology
phs001226.v1.p1	Embryonic Development
phs001229.v1.p1	Lymphoma, Follicular
phs001231.v2.p1	Amyotrophic Lateral Sclerosis
phs001232.v4.p2	Rare Diseases
phs001233.v1.p1	Dysautonomia, Familial
phs001235.v1.p1	Immunologic Deficiency Syndromes
phs001237.v2.p1	Stroke
phs001238.v2.p1	Hypertension
phs001241.v1.p1	Melanoma
phs001242.v1.p1	Precursor T-Cell Lymphoblastic Leukemia-Lymphoma
phs001243.v1.p1	Breast Neoplasms
phs001244.v1.p1	Nasopharyngeal Neoplasms
phs001245.v1.p1	Immunologic Deficiency Syndromes
phs001246.v1.p1	Arhinia, choanal atresia, and microphthalmia
phs001247.v1.p1	Cranial Nerve Diseases
phs001248.v1.p1	Respiratory Tract Infections
phs001249.v1.p1	Lung Neoplasms
phs001251.v1.p1	Colitis, Ulcerative
phs001252.v1.p1	Pulmonary Disease, Chronic Obstructive
phs001253.v1.p1	Central Nervous System Diseases
phs001255.v1.p1	Liposarcoma
phs001256.v2.p1	Hypoplastic Left Heart Syndrome
phs001257.v2.p1	Melanoma
phs001258.v2.p1	MicroRNAs
phs001260.v1.p1	Diarrhea
phs001261.v1.p1	Breast Neoplasms, Prostate Neoplasms
phs001265.v1.p1	Breast Neoplasms
phs001266.v2.p1	Opioid-Related Disorders
phs001270.v1.p1	Sleep Wake Disorders
phs001275.v1.p1	Cryptorchidism
phs001276.v1.p1	Growth and Development
phs001277.v1.p1	Platelet Disorder, Familial, with Associated Myeloid Malignancy
phs001278.v1.p1	Porphyrias
phs001279.v1.p1	Bronchiectasis
phs001281.v2.p1	Sturge-Weber Syndrome
phs001282.v2.p1	Burkitt Lymphoma
phs001286.v1.p1	Neoplasms
phs001287.v9.p5	Neoplasms
phs001288.v1.p1	alpha 1-Antitrypsin Deficiency
phs001289.v1.p1	Andersen Syndrome
phs001290.v1.p1	Colorectal Neoplasms
phs001291.v1.p1	Breast Neoplasms
phs001292.v2.p1	Angelman Syndrome
phs001295.v2.p1	Charcot-Marie-Tooth Disease
phs001296.v2.p1	Urea Cycle Disorders, Inborn
phs001297.v1.p1	Premature Infant
phs001300.v1.p1	Gene Expression Profiling
phs001304.v1.p1	Carcinoma, Renal Cell
phs001305.v1.p1	Urea Cycle Disorders, Inborn
phs001307.v1.p1	Testicular Germ Cell Tumor
phs001309.v1.p1	Pulmonary Alveolar Proteinosis
phs001310.v1.p1	Kartagener Syndrome
phs001311.v1.p1	Myotonia
phs001312.v1.p1	Glaucoma, Open-Angle
phs001313.v1.p1	Adrenal Hyperplasia, Congenital
phs001314.v1.p1	Steroid 21-Hydroxylase
phs001315.v1.p1	Colorectal Neoplasms
phs001316.v1.p1	Andersen Syndrome
phs001318.v1.p1	Myelodysplastic Syndromes
phs001320.v1.p1	Pre-eclampsia
phs001321.v1.p1	Breast Neoplasms
phs001322.v2.p1	Amyotrophic Lateral Sclerosis 4, Juvenile
phs001325.v3.p1	Heart Diseases
phs001326.v1.p1	Severe Combined Immunodeficiency
phs001327.v2.p1	Neoplasm
phs001328.v1.p1	Mucopolysaccharidoses
phs001329.v2.p1	Mucolipidosis IV
phs001330.v2.p1	Mucopolysaccharidosis III
phs001331.v2.p1	Graft vs Host Disease
phs001332.v2.p1	Spinocerebellar Ataxias
phs001333.v2.p1	Fabry Disease
phs001336.v1.p1	Bone Marrow Transplantation
phs001337.v1.p1	Neoplasms
phs001340.v1.p1	Arthritis, Rheumatoid
phs001341.v1.p1	Lipids
phs001342.v1.p1	Myopathy
phs001343.v1.p1	Human Embryonic Stem Cells
phs001344.v1.p1	Premenstrual Dysphoric Disorder
phs001345.v3.p1	Hypertension
phs001346.v1.p1	Malaria
phs001347.v2.p1	Infant, Premature
phs001349.v2.p1	Testicular Germ Cell Tumor
phs001351.v1.p1	Inherited Peripheral Neuropathy
phs001352.v1.p1	Diarrhea
phs001357.v1.p1	Tuberous Sclerosis
phs001358.v1.p1	Bipolar Disorder
phs001359.v3.p1	Lipids
phs001360.v1.p1	Arthritis, Rheumatoid
phs001362.v1.p1	Stomach Neoplasms
phs001363.v1.p1	Health
phs001364.v1.p1	Connectome
phs001365.v1.p1	Breast Neoplasms
phs001366.v1.p1	Small Cell Lung Carcinoma
phs001367.v1.p1	Adolescent Health
phs001368.v3.p2	Cardiovascular Diseases
phs001370.v1.p1	Melanoma, Uveal
phs001371.v1.p1	Arthritis, Rheumatoid
phs001372.v1.p1	Leukemia, Lymphoid
phs001373.v2.p2	Epilepsy
phs001374.v2.p1	Neoplasms
phs001376.v1.p1	Protein-Losing Enteropathies
phs001377.v1.p1	Cocaine-Related Disorders
phs001378.v1.p1	Lymphoma, Follicular
phs001380.v1.p1	Tourette Syndrome
phs001381.v1.p1	Colonic Polyps
phs001383.v1.p1	Mobius Syndrome
phs001384.v1.p1	Colorectal Neoplasms
phs001385.v1.p1	Gallbladder Neoplasms
phs001386.v2.p1	Smoking
phs001387.v3.p1	Blood Pressure
phs001388.v2.p1	Diabetes Mellitus, Type 2
phs001389.v1.p1	Glioblastoma
phs001391.v1.p1	Prostatic Neoplasms
phs001392.v1.p1	Severe Combined Immunodeficiency
phs001394.v1.p1	Hypertension
phs001395.v2.p1	Cardiovascular Diseases
phs001396.v1.p1	Skin Pigmentation
phs001397.v1.p1	Coronary Artery Disease
phs001399.v1.p1	Prostatic Neoplasms
phs001400.v1.p1	Cancer, Colorectal
phs001402.v3.p1	Venous Thromboembolism
phs001403.v1.p1	Neurofibromatosis Type I
phs001404.v1.p1	Gallbladder Cancer
phs001405.v1.p1	Triple Negative Breast Neoplasms
phs001406.v1.p1	Cognition
phs001407.v1.p1	Lynch syndrome I
phs001409.v1.p1	Leiomyoma
phs001411.v1.p1	Diabetes Mellitus, Type 2
phs001412.v3.p1	Cardiovascular Disease
phs001416.v2.p1	Cardiovascular Diseases
phs001418.v1.p1	Crohn Disease
phs001419.v1.p1	Charcot-Marie-Tooth Disease
phs001420.v1.p1	Cleft Lip
phs001421.v1.p1	Uveal melanoma
phs001422.v2.p1	Insulinoma
phs001423.v3.p2	Tourette Disorder
phs001424.v1.p1	Glioblastoma
phs001425.v1.p1	Melanoma
phs001426.v1.p1	Diabetes Mellitus, Type 1
phs001427.v2.p1	Immunotherapy
phs001428.v1.p1	Peripheral Nervous System Diseases
phs001430.v2.p1	Smith-Lemli-Opitz Syndrome
phs001432.v1.p1	Adenocarcinoma of lung
phs001433.v1.p1	Hepatoblastoma
phs001434.v2.p1	Atrial Fibrillation
phs001435.v2.p1	Atrial Fibrillation
phs001438.v1.p1	Chromatin
phs001439.v1.p1	Pelvic Organ Prolapse
phs001441.v1.p1	Staphylococcus aureus
phs001442.v3.p2	Diabetes Mellitus, Type 1
phs001444.v2.p1	Lymphoma, Large B-Cell, Diffuse
phs001446.v2.p1	Asthma
phs001447.v1.p1	Prostatic Neoplasms
phs001448.v1.p1	Esophageal Neoplasm
phs001454.v1.p1	Adenocarcinoma Of Esophagus
phs001455.v1.p1	Dystonia
phs001457.v1.p1	Arthritis, Rheumatoid
phs001458.v1.p1	Marijuana Abuse
phs001459.v1.p1	Lupus Erythematosus, Systemic
phs001460.v1.p1	Glioblastoma
phs001461.v1.p1	Ependymoma
phs001463.v1.p1	Brain
phs001464.v1.p1	Carcinoma, Non-Small-Cell Lung
phs001465.v1.p1	Prostate Neoplasm
phs001466.v2.p1	Sickle Cell Anemia
phs001467.v2.p2	Asthma
phs001468.v3.p1	Sickle Cell Anemia
phs001470.v1.p1	Menopause
phs001471.v1.p1	Cardiovascular Diseases
phs001472.v2.p1	Pulmonary Disease, Chronic Obstructive
phs001473.v1.p1	Leukemia, Lymphoid
phs001474.v1.p1	Carcinoma, Squamous Cell
phs001475.v1.p1	Sprue, Tropical
phs001479.v1.p1	Lymphadenopathy
phs001481.v1.p1	Bone Marrow Failure Syndromes
phs001482.v1.p1	Infertility
phs001483.v1.p1	Breast Neoplasms
phs001484.v1.p1	Drug-Related Side Effects and Adverse Reactions
phs001485.v2.p1	Cockayne Syndrome
phs001486.v3.p3	Neoplasms
phs001488.v1.p1	Huntington Disease
phs001490.v1.p1	Diabetes Mellitus, Type 2
phs001493.v2.p1	Carcinoma, Renal Cell
phs001495.v2.p1	Osteosarcoma
phs001498.v1.p1	Pediatric Obesity
phs001500.v2.p1	Melanocytes
phs001501.v1.p1	Heart Failure
phs001503.v1.p1	HIV
phs001504.v2.p1	Diabetes Mellitus, Type 2
phs001505.v1.p1	Staphylococcus aureus
phs001511.v1.p1	Diabetes Mellitus, Type 2
phs001512.v1.p1	Immune System Phenomena
phs001513.v1.p1	Precursor T-Cell Lymphoblastic Leukemia-Lymphoma
phs001515.v2.p2	Hemophilia
phs001516.v1.p1	Genetic Diseases, Inborn
phs001517.v2.p2	Retinitis Pigmentosa
phs001518.v1.p1	Myocardial Infarction
phs001521.v1.p1	Microbiota
phs001523.v1.p1	Pregnancy
phs001524.v1.p1	Prostatic Neoplasms
phs001525.v1.p1	X-Linked Dystonia Parkinsonism
phs001528.v1.p1	Ovarian Neoplasms
phs001529.v1.p1	Arthritis, Rheumatoid
phs001531.v1.p1	Turner Syndrome
phs001534.v1.p1	Breast Neoplasms
phs001535.v1.p1	Diabetes, Gestational
phs001538.v1.p1	Mitochondrial Diseases
phs001539.v1.p1	Atrial Fibrillation
phs001541.v1.p1	Anorexia Nervosa
phs001543.v2.p1	Atrial Fibrillation
phs001544.v2.p1	Atrial Fibrillation
phs001545.v2.p1	Atrial Fibrillation
phs001546.v2.p1	Atrial Fibrillation
phs001547.v2.p1	Atrial Fibrillation
phs001550.v2.p1	Melanoma
phs001554.v1.p1	Colorectal Neoplasms
phs001555.v1.p1	Pompe Disease
phs001556.v1.p1	Parkinson Disease
phs001557.v1.p1	Hemihyperplasia
phs001559.v1.p1	Heroin Dependence
phs001563.v1.p1	Cerebral Hemorrhage
phs001564.v3.p1	Bacteriuria
phs001566.v1.p1	Neurofibromatosis 1
phs001568.v1.p1	Leukemia, Lymphoid
phs001570.v2.p1	Neoplasms
phs001571.v1.p1	Crohn Disease
phs001572.v1.p1	Neoplasms
phs001573.v1.p1	Carcinoma, Renal Cell
phs001575.v2.p1	Late Infantile Neuronal Ceroid Lipofuscinosis
phs001576.v2.p2	Mucopolysaccharidoses
phs001578.v1.p1	Microbiota
phs001580.v1.p1	Thyroid cancer, Hurthle cell
phs001581.v1.p1	Head and Neck Neoplasms
phs001584.v2.p2	NA
phs001585.v1.p1	Amyotrophic Lateral Sclerosis
phs001586.v1.p1	Child Health
phs001587.v1.p1	Prostatic Neoplasms
phs001588.v1.p1	Diabetes Mellitus, Type 2
phs001590.v2.p1	Alcoholism
phs001591.v1.p1	Dental Caries
phs001594.v1.p1	Melanoma
phs001595.v1.p1	Hypotension, Orthostatic
phs001596.v1.p1	Melanoma
phs001597.v1.p1	Hypertension
phs001598.v2.p1	Atrial Fibrillation
phs001599.v1.p1	Anemia, Sickle Cell
phs001600.v2.p2	Atrial Fibrillation
phs001601.v2.p2	Atrial Fibrillation
phs001602.v2.p1	Asthma
phs001604.v2.p1	Asthma
phs001605.v2.p1	Asthma
phs001606.v2.p1	Atrial Fibrillation
phs001608.v2.p1	Anemia, Sickle Cell
phs001609.v1.p1	Lupus Erythematosus, Systemic
phs001611.v1.p1	Neoplasms
phs001615.v1.p1	Arthritis, Rheumatoid
phs001616.v2.p2	Precision Medicine
phs001618.v1.p1	Neoplasms
phs001619.v3.p1	Retinal Degeneration
phs001620.v1.p1	Apolipoprotein L1
phs001623.v2.p1	Carcinoma, squamous cell of head and neck
phs001625.v1.p1	Control Groups
phs001626.v1.p1	Inflammatory Bowel Diseases
phs001627.v1.p1	Leukemia, Myeloid, Acute
phs001628.v1.p1	Leukemia, Myeloid, Acute
phs001629.v1.p1	Ganglioglioma
phs001630.v1.p1	Measles Vaccine
phs001632.v1.p1	Multiple Myeloma
phs001641.v1.p1	Progressive Patient Care
phs001643.v1.p1	Chordoma
phs001644.v2.p2	Coronary Artery Disease
phs001645.v1.p1	Lymphoma, Large B-Cell, Diffuse
phs001646.v1.p1	Glioblastoma
phs001647.v1.p1	Impulsive Behavior
phs001648.v2.p1	Prostatic Neoplasms, Castration-Resistant
phs001650.v1.p1	Control Groups
phs001651.v1.p1	Lung Neoplasms
phs001653.v1.p1	Holoprosencephaly
phs001654.v1.p1	Barrett Esophagus
phs001655.v1.p1	Acne Vulgaris
phs001657.v1.p1	Leukemia, Myeloid, Acute
phs001658.v1.p1	Adrenocortical Carcinoma
phs001661.v3.p1	Asthma
phs001662.v2.p1	Pulmonary Disease, Chronic Obstructive
phs001663.v1.p1	Glioblastoma
phs001664.v1.p1	Parkinson Disease
phs001666.v1.p1	Adenocarcinoma
phs001670.v1.p1	Tacrolimus
phs001673.v1.p1	Glaucoma
phs001674.v1.p1	Breast Neoplasms
phs001676.v1.p1	Autism Spectrum Disorder
phs001678.v1.p1	Humans
phs001680.v1.p1	Immunotherapy
phs001682.v2.p1	Anemia, Sickle Cell
phs001683.v2.p1	Genes, Neoplasm
phs001684.v1.p1	Immunocompromised Host
phs001685.v1.p1	Ovarian Neoplasms
phs001686.v1.p1	Parkinson Disease
phs001687.v1.p1	Breast Neoplasms
phs001688.v1.p1	Psoriasis
phs001690.v1.p1	Endometrial Neoplasms
phs001691.v1.p1	Heterotaxy Syndrome
phs001692.v1.p1	MicroRNAs
phs001693.v1.p1	MicroRNAs
phs001694.v1.p1	MicroRNAs
phs001695.v1.p1	MicroRNAs
phs001696.v1.p1	Esophageal Neoplasms
phs001698.v1.p1	Prostatic Hyperplasia
phs001700.v1.p1	Moyamoya Disease
phs001701.v1.p1	Metabolism
phs001702.v1.p1	Lupus Erythematosus, Systemic
phs001704.v1.p1	Leukemia, Lymphocytic, Chronic, B-Cell
phs001705.v1.p1	Burkitt Lymphoma
phs001706.v1.p1	Castleman Disease
phs001707.v2.p1	Leukemia, Lymphocytic, Chronic, B-Cell
phs001709.v1.p1	Breast Neoplasms
phs001711.v1.p1	Gastrointestinal Neoplasms
phs001712.v1.p1	Vasculitis
phs001713.v1.p1	Neoplasms
phs001714.v1.p1	Osteosarcoma
phs001717.v1.p1	Control Groups
phs001718.v1.p1	Amyotrophic Lateral Sclerosis
phs001720.v1.p1	Podocytes
phs001721.v1.p1	Inflammatory Bowel Disease
phs001722.v1.p1	Neoplasms
phs001723.v1.p1	Inflammatory Bowel Disease
phs001724.v1.p1	Erythromelalgia
phs001725.v2.p1	Atrial Fibrillation
phs001727.v2.p1	Asthma
phs001728.v2.p1	Asthma
phs001729.v2.p1	Asthma
phs001730.v2.p1	Asthma
phs001732.v2.p1	Asthma
phs001735.v2.p1	Heart Defects, Congenital
phs001737.v2.p1	Ectrodactyly, Ectodermal Dysplasia, and Cleft Lip-Palate Syndrome 3
phs001738.v1.p1	Precursor Cell Lymphoblastic Leukemia-Lymphoma
phs001739.v1.p1	Premature Birth
phs001740.v1.p1	Autism Spectrum Disorder
phs001741.v1.p1	Autism Spectrum Disorder
phs001742.v2.p1	Triple Negative Breast Neoplasms
phs001743.v1.p1	Urologic Neoplasms
phs001745.v1.p1	Smoking
phs001746.v1.p1	Reference Values
phs001747.v1.p1	Coronary Disease
phs001748.v1.p1	Histiocytic Sarcoma
phs001749.v2.p1	Congenital Anomalies Of Kidney And Urinary Tract
phs001750.v1.p1	Pulmonary Fibrosis
phs001752.v1.p1	Adenocarcinoma
phs001753.v1.p1	Skin Pigmentation
phs001757.v1.p1	Smell
phs001758.v1.p1	Thyroid Cancer, Papillary
phs001765.v1.p1	Parathyroid Neoplasms
phs001770.v1.p1	Dent Disease
phs001771.v1.p1	Diabetes Mellitus
phs001772.v2.p1	Intestinal Neoplasms
phs001774.v1.p1	Complete atrioventricular septal defect
phs001776.v1.p1	Pancreas
phs001777.v1.p1	Sertoli Cell-Only Syndrome
phs001778.v1.p1	Myelodysplastic Syndromes
phs001779.v1.p1	Ehlers-Danlos syndrome type 3
phs001781.v1.p1	Carcinoma, Non-Small-Cell Lung
phs001782.v2.p1	Growth
phs001783.v2.p1	Neoplasms
phs001784.v1.p1	Carcinoma, Hepatocellular
phs001785.v1.p1	Hemangioma
phs001786.v1.p1	Melanoma
phs001787.v1.p1	Colorectal Neoplasms, Hereditary Nonpolyposis
phs001788.v1.p1	HIV Infections
phs001791.v1.p1	Cerebral Cortex
phs001792.v1.p1	Hypertension
phs001793.v1.p1	Glioma
phs001794.v1.p1	Beckwith-Wiedemann Syndrome
phs001795.v1.p1	Arnold-Chiari Malformation
phs001796.v1.p1	Carpal Tunnel Syndrome
phs001797.v1.p1	Urogenital Neoplasms
phs001799.v1.p1	Leukemia
phs001800.v2.p1	SMARCB1 Protein
phs001802.v1.p1	Lymphatic Diseases
phs001803.v1.p1	Cervical Dystonia
phs001804.v1.p1	Opioid-Related Disorders
phs001805.v1.p1	Adenocarcinoma of Lung
phs001806.v1.p1	Craniosynostoses
phs001807.v1.p1	Hepatitis, Alcoholic
phs001808.v1.p1	Aging
phs001811.v1.p1	Adenocarcinoma of Lung
phs001812.v1.p1	Asthma
phs001813.v2.p1	Prostatic Neoplasms
phs001814.v1.p1	Heterotaxy Syndrome
phs001816.v1.p1	Autism Spectrum Disorder
phs001817.v1.p1	Genetics, Population
phs001818.v3.p1	Stomach Neoplasms
phs001819.v2.p1	Multiple Myeloma
phs001820.v1.p1	Neoplasms
phs001823.v1.p1	Carcinoma, Non-Small-Cell Lung
phs001824.v1.p1	Dendritic Cells
phs001825.v1.p1	Prostatic Neoplasms
phs001826.v1.p1	Depression
phs001828.v1.p1	Renal Insufficiency, Chronic
phs001829.v1.p1	Rectal Neoplasms
phs001830.v1.p1	Cholangiocarcinoma
phs001831.v1.p1	Neuroblastoma
phs001833.v1.p1	Multiple Sclerosis
phs001834.v1.p1	Fuchs&#39; Endothelial Dystrophy
phs001835.v1.p1	Uveal melanoma
phs001836.v1.p1	Autism Spectrum Disorder
phs001839.v1.p1	Neoplasms
phs001840.v1.p1	Carcinoma, Pancreatic Ductal
phs001841.v1.p1	Opioid-Related Disorders
phs001842.v1.p1	Sjogren&#39;s Syndrome
phs001845.v1.p1	Shwachman syndrome [Supplementary Concept]
phs001846.v1.p1	Neoplasms
phs001847.v1.p1	Leukemia, Myeloid, Acute
phs001848.v1.p1	Immune System Diseases
phs001850.v1.p1	Lupus Erythematosus, Systemic
phs001851.v1.p1	Peanut Hypersensitivity
phs001852.v1.p1	Body Height
phs001853.v1.p1	Colorectal Neoplasms
phs001854.v1.p1	Astrocytoma
phs001855.v1.p1	Exercise
phs001856.v1.p1	Colorectal Neoplasms
phs001857.v1.p1	Mammographic Breast Density
phs001858.v1.p1	Neoplasms
phs001861.v1.p1	Uveal melanoma
phs001862.v1.p1	Endocrine Disruptors
phs001864.v1.p1	histiocytosis
phs001866.v1.p1	Breast Neoplasms
phs001867.v1.p1	Hutchinson-Gilford Progeria Syndrome
phs001870.v1.p1	Breast Neoplasms
phs001871.v1.p1	Cardiovascular Diseases
phs001872.v1.p1	Population Groups
phs001875.v1.p1	Leukemia, Lymphocytic, Chronic, B-Cell
phs001877.v1.p1	Mycosis Fungoides
phs001879.v1.p1	Urinary Tract Infections
phs001880.v1.p1	Cardiovascular Diseases
phs001881.v1.p1	Autism Spectrum Disorder
phs001883.v1.p1	Breast Neoplasms
phs001884.v1.p1	Intelligence
phs001885.v1.p1	Endometrial Neoplasms
phs001886.v2.p1	Pregnancy, COVID-19
phs001887.v1.p1	Spermatozoa
phs001889.v1.p1	Amyotrophic Lateral Sclerosis
phs001894.v1.p1	Autism Spectrum Disorder
phs001895.v2.p1	Lung Neoplasms
phs001897.v1.p1	Peanut Hypersensitivity
phs001900.v1.p1	Autism Spectrum Disorder
phs001903.v1.p1	Colorectal Neoplasms
phs001906.v1.p1	Gastrointestinal Stromal Tumors
phs001908.v2.p1	Neural Stem Cells
phs001910.v1.p1	Neuroendocrine Tumors
phs001911.v1.p1	Ataxia Telangiectasia
phs001912.v1.p1	Barrett Esophagus
phs001913.v1.p1	Cardiovascular Diseases
phs001914.v1.p1	Colorectal Neoplasms
phs001916.v2.p1	Healthy Aging
phs001917.v1.p1	Pancreatic Neoplasms
phs001918.v2.p1	Graft vs Host Disease
phs001919.v1.p1	Melanoma
phs001921.v1.p1	Prostatic Neoplasms
phs001922.v1.p1	Aneuploidy
phs001924.v1.p1	Cholangiocarcinoma
phs001925.v1.p1	Microsatellite Instability
phs001929.v1.p1	Obsessive-Compulsive Disorder
phs001930.v1.p1	Non-alcoholic Fatty Liver Disease
phs001931.v1.p1	Sarcoma
phs001932.v1.p1	Schizophrenia
phs001933.v1.p1	Atrial Fibrillation
phs001935.v1.p1	Stomach Neoplasms
phs001936.v1.p1	Gastrointestinal Neoplasms
phs001937.v1.p1	Pre-Eclampsia
phs001938.v2.p1	Prostatic Neoplasms
phs001939.v2.p1	Prostatic Neoplasms
phs001940.v2.p1	Carcinoma, Non-Small-Cell Lung
phs001941.v1.p1	Otitis Media
phs001942.v1.p1	Histiocytic Sarcoma
phs001943.v1.p1	Uveal melanoma
phs001945.v1.p1	Uterine Cervical Neoplasms
phs001947.v1.p1	Melanoma
phs001949.v1.p1	Diabetes Mellitus, Type 1
phs001951.v1.p1	Precursor Cell Lymphoblastic Leukemia-Lymphoma
phs001953.v1.p1	Uveal Neoplasms
phs001954.v1.p1	Adenocarcinoma of Lung
phs001959.v1.p1	Leukemia, Lymphocytic, Chronic, B-Cell
phs001960.v1.p1	Osteoporosis
phs001961.v1.p1	Lung
phs001962.v1.p1	Lymphoma, T-Cell, Peripheral
phs001963.v1.p1	Lewy Body Disease
phs001969.v1.p1	Lymphoma, T-Cell, Cutaneous
phs001970.v1.p1	Rhabdomyosarcoma
phs001972.v1.p1	Anemia, Sickle Cell
phs001976.v2.p1	Melorheostosis
phs001979.v1.p1	Melanoma
phs001980.v1.p1	Lung Neoplasms
phs001981.v1.p1	Alcoholism
phs001982.v1.p1	Sarcoma, Soft Tissue
phs001987.v1.p1	Enchondromatosis
phs001988.v1.p1	Prostatic Neoplasms
phs001990.v1.p1	Subarachnoid Hemorrhage
phs001993.v1.p1	Neurofibromatosis 1
phs001994.v1.p1	Squamous Cell Carcinoma of Head and Neck
phs001995.v1.p1	Sex
phs001997.v1.p1	Cleft Lip
phs002000.v1.p1	Carcinoma, Hepatocellular
phs002001.v1.p1	Lung Neoplasms
phs002002.v1.p1	Squamous Cell Carcinoma of the Head and Neck
phs002003.v1.p1	Human Development
phs002006.v2.p1	Proteus Syndrome
phs002007.v1.p1	Lymphocyte Subsets
phs002008.v1.p1	Embryonic and Fetal Development
phs002015.v1.p1	Macular Degeneration
phs002017.v1.p1	Pre-Eclampsia
phs002019.v1.p1	Carcinoma in Situ
phs002020.v1.p1	Retinopathy of Prematurity
phs002021.v1.p1	Graft vs Host Disease
phs002022.v1.p1	Leukemia, Plasma Cell
phs002023.v1.p1	Peritoneal Neoplasms
phs002024.v1.p1	Diabetes Mellitus, Type 1
phs002025.v1.p1	Tuberculosis, Pulmonary
phs002030.v1.p1	Reference Values
phs002034.v1.p1	Glioma
phs002035.v1.p1	Ciliary Motility Disorders
phs002036.v1.p1	Jacobsen Distal 11q Deletion Syndrome
phs002037.v1.p1	Magnesium Deficiency
phs002039.v1.p1	Influenza, Human
phs002040.v1.p1	Inflammatory Bowel Diseases
phs002045.v1.p1	Carcinoma, Pancreatic Ductal
phs002046.v1.p1	Stress Disorders, Post-Traumatic
phs002049.v1.p1	Acute Myeloid Leukemia
phs002050.v1.p1	Colorectal Neoplasms
phs002051.v1.p1	Rhabdomyosarcoma
phs002052.v1.p1	Mitochondrial Diseases
phs002053.v1.p1	Carcinoma, Renal Cell
phs002055.v1.p1	Amyotrophic Lateral Sclerosis
phs002056.v1.p1	Prostatic Neoplasms
phs002059.v1.p1	Heart Defects, Congenital
phs002060.v1.p1	Peripheral Nervous System Diseases
phs002061.v1.p1	HIV
phs002062.v1.p1	Breast Neoplasms
phs002063.v1.p1	Parkinson Disease
phs002065.v1.p1	Bladder Neoplasms
phs002066.v1.p1	Chromosome Fragile Sites
phs002067.v1.p1	Epilepsy, Temporal Lobe
phs002068.v1.p1	Amyotrophic Lateral Sclerosis
phs002069.v1.p1	Intracranial Arteriovenous Malformations
phs002071.v1.p1	Carcinoma, Pancreatic Ductal
phs002073.v1.p1	Breast Feeding
phs002075.v1.p1	Placenta Previa
phs002083.v1.p1	Carcinoma, Renal Cell
phs002088.v2.p1	Drug-Related Side Effects and Adverse Reactions
phs002089.v1.p1	Small Cell Lung Carcinoma
phs002105.v1.p1	Opioid-Related Disorders
phs002161.v1.p1	Tracheoesophageal Fistula
phs002162.v1.p1	Renal Adysplasia
phs002172.v1.p1	Congenital Microtia
phs002176.v2.p1	Small Cell Lung Carcinoma
phs002185.v1.p1	Graft vs Host Disease
phs002187.v1.p1	Leukemia, Myeloid, Acute
phs002188.v1.p1	Lymphoma
phs002197.v1.p1	Pick Disease of the Brain
phs002202.v1.p1	Healthy Volunteers
phs002204.v1.p1	Heart
phs002208.v1.p1	Hematopoietic Stem Cell Transplantation
phs002210.v1.p1	Breast Neoplasms
phs002211.v1.p1	Bacterial Vaginosis
phs002212.v1.p1	Myelodysplastic Syndromes
phs002217.v1.p1	MELAS Syndrome
phs002222.v1.p1	Multiple Sclerosis
phs002224.v1.p1	Asthma
phs002225.v1.p1	Carcinoma, Intraductal, Noninfiltrating
phs002226.v1.p1	HIV
phs002228.v1.p1	Myeloproliferative Disorders
phs002229.v1.p1	Neoplasms, Germ Cell and Embryonal
phs002230.v1.p1	Hypertension
phs002234.v1.p1	Hypogonadism
phs002235.v1.p1	Gastrointestinal Microbiome
phs002237.v1.p1	Adenocarcinoma of Lung
phs002238.v1.p1	Neoplasms
phs002240.v1.p1	Birth Weight
phs002244.v1.p1	Carcinoma, Non-Small-Cell Lung
phs002245.v1.p1	COVID-19
phs002252.v1.p1	Carcinoma, Renal Cell
phs002254.v1.p1	Cystic Fibrosis
phs002255.v1.p1	Language Development
phs002258.v1.p1	COVID-19
phs002259.v1.p1	RNA-Seq
phs002269.v1.p1	Antigens, Neoplasm
phs002270.v1.p1	Glioblastoma
phs002273.v1.p1	Cell-Free Nucleic Acids
phs002276.v1.p1	Precursor T-Cell Lymphoblastic Leukemia-Lymphoma
phs002279.v1.p1	Germ Cells
phs002280.v1.p1	PBMC &#8211; Peripheral Blood Mononuclear Cells
phs002286.v1.p1	Neoplasms
phs002287.v1.p1	Breast Neoplasms
phs002289.v1.p1	single-cell analysis
phs002290.v1.p1	Cell-Free Nucleic Acids
phs002291.v1.p1	Multiple Myeloma
phs002292.v1.p1	Neocortex
phs002294.v1.p1	Ovarian Neoplasms
phs002295.v1.p1	Carcinoma, Non-Small-Cell Lung
phs002298.v1.p1	Skin Pigmentation (Melanin Index)
phs002299.v1.p1	COVID-19
phs002301.v1.p1	chordoma
phs002304.v1.p1	Rhabdomyosarcoma
phs002308.v1.p1	Myeloproliferative Disorders
phs002309.v1.p1	Melanoma
phs002310.v1.p1	Hepatitis C, Followup studies, Drug dependence
phs002311.v1.p1	Neoplasms
phs002313.v1.p1	Cancer
phs002315.v1.p1	Single-Cell Analysis
phs002317.v1.p1	Fractures, Bone
phs002319.v1.p1	Heart Disease
phs002323.v1.p1	Immunotherapy
phs002327.v1.p1	Small Cell Lung Carcinoma
phs002328.v1.p1	Parkinson Disease
phs002330.v1.p1	Down Syndrome
phs002333.v1.p1	Paranasal Sinus Diseases
phs002334.v1.p1	Adenocarcinoma, Lung
phs002335.v1.p1	Leukemia
phs002340.v1.p1	Carcinoma, Ovarian Epithelial
phs002341.v1.p1	Fibroblast-Derived Induced Pluripotent Stem Cells
phs002342.v1.p1	Carcinoma, Neuroendocrine
phs002344.v1.p1	Rhabdomyosarcoma
phs002346.v1.p1	Lung Neoplasms
phs002348.v1.p1	Sickle Cell Disease
phs002362.v1.p1	Sickle Cell Disease
phs002364.v1.p1	HIV
phs002365.v1.p1	Beckwith-Wiedemann Syndrome
phs002366.v1.p1	Lung Neoplasms
phs002368.v1.p1	Amyotrophic Lateral Sclerosis
phs002377.v1.p1	Hematologic Malignancy
phs002383.v1.p1	Sickle Cell Anemia
phs002385.v1.p1	Sickle Cell Disease
phs002387.v1.p1	Breast Neoplasms
phs002389.v1.p1	Hypertension
phs002392.v1.p1	Niemann-Pick Disease, Type C
phs002394.v1.p1	pancreatic cancer
phs002398.v1.p1	Prostatic Neoplasms
phs002405.v1.p1	Paraganglioma
phs002407.v1.p1	Colorectal Neoplasms
phs002408.v1.p1	Beckwith-Wiedemann Syndrome
phs002410.v1.p1	Heart Failure
phs002411.v1.p1	Breast
phs002415.v1.p1	Sickle Cell Anemia
phs002416.v1.p1	Leptomeningeal Carcinomatosis
phs002417.v1.p1	Population Groups
phs002419.v1.p1	Breast Neoplasms
phs002421.v1.p1	Neuroblastoma
phs002428.v1.p1	Centenarian
phs002433.v1.p1	COVID-19
phs002436.v1.p1	Melanoma
phs002437.v1.p1	Leukoplakia, Oral
phs002440.v1.p1	Amyotrophic Lateral Sclerosis
phs002444.v1.p1	Osteosarcoma
phs002448.v1.p1	Immunologic Memory
phs002457.v1.p1	Triple Negative Breast Neoplasms
phs002462.v1.p1	Prostatic Neoplasms
phs002464.v1.p1	Atrial Fibrillation
phs002471.v1.p1	alpha 1-Antitrypsin Deficiency
phs002484.v1.p1	Lung
phs002486.v1.p1	Carcinoma, Non-Small-Cell Lung
phs002487.v1.p1	Schizophrenic Disorders
phs002493.v1.p1	RNA-seq
phs002499.v1.p1	Lymphoma, T-Cell, Cutaneous
phs002506.v1.p1	Pharmacology
phs002508.v1.p1	Vaccines
phs002545.v1.p1	Immunotherapy
phs002557.v1.p1	LRBA protein, human
phs002632.v1.p1	Alopecia Areata
